b9c09901-ac5b-436a-a904-29a358e83be5,VU VAN THANH,admin,vuvanthanhtb@gmail.com,07025502,admin,998719.000000
59577f86-297b-4f52-89e6-fd2f084507a9,test hihi,test1,test1@miu.com,07025502,user,139.000000
17422631-538c-49c8-8c40-84d2ab24f19b,testtt02,test2,test2@mail.com,07025502,user,1142.000000
e155528c-6820-4dbc-9913-e62e41e6bf89,tét5,test5,vuvanthanhtb@gmail.com,4a5a0c541f5d4f02,user,0.000000
